-- Criação Tabelas
DROP TABLE IF EXISTS Saidas, Entradas, Estoque, Fornecedores, Produtos;
CREATE TABLE Produtos (ProdutoID INT PRIMARY KEY, Nome VARCHAR(100), Categoria VARCHAR(50), Unidade VARCHAR(10), EstoqueMinimo INT, ValorUnitario DECIMAL(10,2));
CREATE TABLE Fornecedores (FornecedorID INT PRIMARY KEY, NomeFornecedor VARCHAR(100), Categoria VARCHAR(50), PrazoEntrega INT, Cidade VARCHAR(50));
CREATE TABLE Estoque (ProdutoID INT PRIMARY KEY, EstoqueAtual INT, DataAtualizacao DATE);
CREATE TABLE Entradas (EntradaID INT PRIMARY KEY, ProdutoID INT, Quantidade INT, DataEntrada DATE, FornecedorID INT);
CREATE TABLE Saidas (SaidaID INT PRIMARY KEY, ProdutoID INT, Quantidade INT, DataSaida DATE, Destino VARCHAR(100));

-- Preenchimento das tabelas
INSERT INTO Produtos (ProdutoID, Nome, Categoria, Unidade, EstoqueMinimo, ValorUnitario) VALUES (1, 'Produto 1', 'Eletrônicos', 'un', 13, 130.0);
INSERT INTO Produtos (ProdutoID, Nome, Categoria, Unidade, EstoqueMinimo, ValorUnitario) VALUES (2, 'Produto 2', 'Acessórios', 'kg', 8, 341.58);
INSERT INTO Produtos (ProdutoID, Nome, Categoria, Unidade, EstoqueMinimo, ValorUnitario) VALUES (3, 'Produto 3', 'Limpeza', 'un', 18, 25.57);
INSERT INTO Produtos (ProdutoID, Nome, Categoria, Unidade, EstoqueMinimo, ValorUnitario) VALUES (4, 'Produto 4', 'Eletrônicos', 'un', 12, 257.62);
INSERT INTO Produtos (ProdutoID, Nome, Categoria, Unidade, EstoqueMinimo, ValorUnitario) VALUES (5, 'Produto 5', 'Eletrônicos', 'kg', 11, 360.85);
INSERT INTO Produtos (ProdutoID, Nome, Categoria, Unidade, EstoqueMinimo, ValorUnitario) VALUES (6, 'Produto 6', 'Limpeza', 'cx', 12, 230.11);
INSERT INTO Produtos (ProdutoID, Nome, Categoria, Unidade, EstoqueMinimo, ValorUnitario) VALUES (7, 'Produto 7', 'Papelaria', 'un', 10, 352.09);
INSERT INTO Produtos (ProdutoID, Nome, Categoria, Unidade, EstoqueMinimo, ValorUnitario) VALUES (8, 'Produto 8', 'Papelaria', 'cx', 9, 115.5);
INSERT INTO Produtos (ProdutoID, Nome, Categoria, Unidade, EstoqueMinimo, ValorUnitario) VALUES (9, 'Produto 9', 'Papelaria', 'un', 7, 196.16);
INSERT INTO Produtos (ProdutoID, Nome, Categoria, Unidade, EstoqueMinimo, ValorUnitario) VALUES (10, 'Produto 10', 'Papelaria', 'cx', 13, 405.49);
INSERT INTO Produtos (ProdutoID, Nome, Categoria, Unidade, EstoqueMinimo, ValorUnitario) VALUES (11, 'Produto 11', 'Informática', 'kg', 8, 486.83);
INSERT INTO Produtos (ProdutoID, Nome, Categoria, Unidade, EstoqueMinimo, ValorUnitario) VALUES (12, 'Produto 12', 'Informática', 'un', 14, 416.41);
INSERT INTO Produtos (ProdutoID, Nome, Categoria, Unidade, EstoqueMinimo, ValorUnitario) VALUES (13, 'Produto 13', 'Limpeza', 'cx', 11, 355.24);
INSERT INTO Produtos (ProdutoID, Nome, Categoria, Unidade, EstoqueMinimo, ValorUnitario) VALUES (14, 'Produto 14', 'Eletrônicos', 'kg', 12, 388.8);
INSERT INTO Produtos (ProdutoID, Nome, Categoria, Unidade, EstoqueMinimo, ValorUnitario) VALUES (15, 'Produto 15', 'Eletrônicos', 'un', 8, 196.26);
INSERT INTO Produtos (ProdutoID, Nome, Categoria, Unidade, EstoqueMinimo, ValorUnitario) VALUES (16, 'Produto 16', 'Informática', 'kg', 16, 89.7);
INSERT INTO Produtos (ProdutoID, Nome, Categoria, Unidade, EstoqueMinimo, ValorUnitario) VALUES (17, 'Produto 17', 'Papelaria', 'un', 13, 353.89);
INSERT INTO Produtos (ProdutoID, Nome, Categoria, Unidade, EstoqueMinimo, ValorUnitario) VALUES (18, 'Produto 18', 'Eletrônicos', 'kg', 10, 271.73);
INSERT INTO Produtos (ProdutoID, Nome, Categoria, Unidade, EstoqueMinimo, ValorUnitario) VALUES (19, 'Produto 19', 'Acessórios', 'un', 19, 195.93);
INSERT INTO Produtos (ProdutoID, Nome, Categoria, Unidade, EstoqueMinimo, ValorUnitario) VALUES (20, 'Produto 20', 'Limpeza', 'un', 15, 423.0);
INSERT INTO Produtos (ProdutoID, Nome, Categoria, Unidade, EstoqueMinimo, ValorUnitario) VALUES (21, 'Produto 21', 'Eletrônicos', 'un', 6, 404.47);
INSERT INTO Produtos (ProdutoID, Nome, Categoria, Unidade, EstoqueMinimo, ValorUnitario) VALUES (22, 'Produto 22', 'Informática', 'cx', 7, 113.38);
INSERT INTO Produtos (ProdutoID, Nome, Categoria, Unidade, EstoqueMinimo, ValorUnitario) VALUES (23, 'Produto 23', 'Limpeza', 'kg', 15, 114.19);
INSERT INTO Produtos (ProdutoID, Nome, Categoria, Unidade, EstoqueMinimo, ValorUnitario) VALUES (24, 'Produto 24', 'Informática', 'cx', 19, 80.01);
INSERT INTO Produtos (ProdutoID, Nome, Categoria, Unidade, EstoqueMinimo, ValorUnitario) VALUES (25, 'Produto 25', 'Acessórios', 'un', 13, 376.04);
INSERT INTO Produtos (ProdutoID, Nome, Categoria, Unidade, EstoqueMinimo, ValorUnitario) VALUES (26, 'Produto 26', 'Informática', 'kg', 17, 187.38);
INSERT INTO Produtos (ProdutoID, Nome, Categoria, Unidade, EstoqueMinimo, ValorUnitario) VALUES (27, 'Produto 27', 'Acessórios', 'kg', 20, 54.55);
INSERT INTO Produtos (ProdutoID, Nome, Categoria, Unidade, EstoqueMinimo, ValorUnitario) VALUES (28, 'Produto 28', 'Eletrônicos', 'un', 9, 317.45);
INSERT INTO Produtos (ProdutoID, Nome, Categoria, Unidade, EstoqueMinimo, ValorUnitario) VALUES (29, 'Produto 29', 'Informática', 'kg', 7, 198.54);
INSERT INTO Produtos (ProdutoID, Nome, Categoria, Unidade, EstoqueMinimo, ValorUnitario) VALUES (30, 'Produto 30', 'Limpeza', 'cx', 13, 485.83);
INSERT INTO Produtos (ProdutoID, Nome, Categoria, Unidade, EstoqueMinimo, ValorUnitario) VALUES (31, 'Produto 31', 'Eletrônicos', 'kg', 8, 344.04);
INSERT INTO Produtos (ProdutoID, Nome, Categoria, Unidade, EstoqueMinimo, ValorUnitario) VALUES (32, 'Produto 32', 'Limpeza', 'cx', 15, 64.66);
INSERT INTO Produtos (ProdutoID, Nome, Categoria, Unidade, EstoqueMinimo, ValorUnitario) VALUES (33, 'Produto 33', 'Informática', 'un', 19, 11.59);
INSERT INTO Produtos (ProdutoID, Nome, Categoria, Unidade, EstoqueMinimo, ValorUnitario) VALUES (34, 'Produto 34', 'Papelaria', 'kg', 10, 258.76);
INSERT INTO Produtos (ProdutoID, Nome, Categoria, Unidade, EstoqueMinimo, ValorUnitario) VALUES (35, 'Produto 35', 'Eletrônicos', 'kg', 14, 422.42);
INSERT INTO Produtos (ProdutoID, Nome, Categoria, Unidade, EstoqueMinimo, ValorUnitario) VALUES (36, 'Produto 36', 'Limpeza', 'kg', 11, 84.89);
INSERT INTO Produtos (ProdutoID, Nome, Categoria, Unidade, EstoqueMinimo, ValorUnitario) VALUES (37, 'Produto 37', 'Acessórios', 'kg', 5, 303.48);
INSERT INTO Produtos (ProdutoID, Nome, Categoria, Unidade, EstoqueMinimo, ValorUnitario) VALUES (38, 'Produto 38', 'Informática', 'un', 8, 465.26);
INSERT INTO Produtos (ProdutoID, Nome, Categoria, Unidade, EstoqueMinimo, ValorUnitario) VALUES (39, 'Produto 39', 'Papelaria', 'un', 6, 128.03);
INSERT INTO Produtos (ProdutoID, Nome, Categoria, Unidade, EstoqueMinimo, ValorUnitario) VALUES (40, 'Produto 40', 'Limpeza', 'un', 7, 368.63);
INSERT INTO Produtos (ProdutoID, Nome, Categoria, Unidade, EstoqueMinimo, ValorUnitario) VALUES (41, 'Produto 41', 'Eletrônicos', 'kg', 9, 72.91);
INSERT INTO Produtos (ProdutoID, Nome, Categoria, Unidade, EstoqueMinimo, ValorUnitario) VALUES (42, 'Produto 42', 'Informática', 'kg', 10, 139.88);
INSERT INTO Produtos (ProdutoID, Nome, Categoria, Unidade, EstoqueMinimo, ValorUnitario) VALUES (43, 'Produto 43', 'Limpeza', 'cx', 11, 465.17);
INSERT INTO Produtos (ProdutoID, Nome, Categoria, Unidade, EstoqueMinimo, ValorUnitario) VALUES (44, 'Produto 44', 'Acessórios', 'kg', 14, 205.51);
INSERT INTO Produtos (ProdutoID, Nome, Categoria, Unidade, EstoqueMinimo, ValorUnitario) VALUES (45, 'Produto 45', 'Papelaria', 'cx', 19, 69.29);
INSERT INTO Produtos (ProdutoID, Nome, Categoria, Unidade, EstoqueMinimo, ValorUnitario) VALUES (46, 'Produto 46', 'Acessórios', 'un', 15, 20.31);
INSERT INTO Produtos (ProdutoID, Nome, Categoria, Unidade, EstoqueMinimo, ValorUnitario) VALUES (47, 'Produto 47', 'Limpeza', 'un', 12, 13.52);
INSERT INTO Produtos (ProdutoID, Nome, Categoria, Unidade, EstoqueMinimo, ValorUnitario) VALUES (48, 'Produto 48', 'Eletrônicos', 'un', 7, 453.66);
INSERT INTO Produtos (ProdutoID, Nome, Categoria, Unidade, EstoqueMinimo, ValorUnitario) VALUES (49, 'Produto 49', 'Papelaria', 'un', 12, 146.45);
INSERT INTO Produtos (ProdutoID, Nome, Categoria, Unidade, EstoqueMinimo, ValorUnitario) VALUES (50, 'Produto 50', 'Informática', 'un', 9, 364.44);
INSERT INTO Fornecedores (FornecedorID, NomeFornecedor, Categoria, PrazoEntrega, Cidade) VALUES (1, 'da Luz', 'Atacadista', 11, 'da Rosa de Costa');
INSERT INTO Fornecedores (FornecedorID, NomeFornecedor, Categoria, PrazoEntrega, Cidade) VALUES (2, 'Melo', 'Fábrica', 5, 'Costela');
INSERT INTO Fornecedores (FornecedorID, NomeFornecedor, Categoria, PrazoEntrega, Cidade) VALUES (3, 'da Conceição', 'Fábrica', 14, 'Farias');
INSERT INTO Fornecedores (FornecedorID, NomeFornecedor, Categoria, PrazoEntrega, Cidade) VALUES (4, 'Dias e Filhos', 'Fábrica', 5, 'Gonçalves');
INSERT INTO Fornecedores (FornecedorID, NomeFornecedor, Categoria, PrazoEntrega, Cidade) VALUES (5, 'Nunes', 'Distribuidor', 3, 'Silva do Sul');
INSERT INTO Fornecedores (FornecedorID, NomeFornecedor, Categoria, PrazoEntrega, Cidade) VALUES (6, 'Campos', 'Atacadista', 8, 'Fernandes');
INSERT INTO Fornecedores (FornecedorID, NomeFornecedor, Categoria, PrazoEntrega, Cidade) VALUES (7, 'Novaes S/A', 'Fábrica', 8, 'Rodrigues Grande');
INSERT INTO Fornecedores (FornecedorID, NomeFornecedor, Categoria, PrazoEntrega, Cidade) VALUES (8, 'Moraes S/A', 'Fábrica', 9, 'Barbosa de Dias');
INSERT INTO Fornecedores (FornecedorID, NomeFornecedor, Categoria, PrazoEntrega, Cidade) VALUES (9, 'Oliveira da Cruz S/A', 'Atacadista', 2, 'da Cunha');
INSERT INTO Fornecedores (FornecedorID, NomeFornecedor, Categoria, PrazoEntrega, Cidade) VALUES (10, 'Martins Monteiro - ME', 'Atacadista', 12, 'da Mata de Goiás');
INSERT INTO Estoque (ProdutoID, EstoqueAtual, DataAtualizacao) VALUES (1, 50, '2025-07-03');
INSERT INTO Estoque (ProdutoID, EstoqueAtual, DataAtualizacao) VALUES (2, 31, '2025-07-03');
INSERT INTO Estoque (ProdutoID, EstoqueAtual, DataAtualizacao) VALUES (3, 206, '2025-07-03');
INSERT INTO Estoque (ProdutoID, EstoqueAtual, DataAtualizacao) VALUES (4, 173, '2025-07-03');
INSERT INTO Estoque (ProdutoID, EstoqueAtual, DataAtualizacao) VALUES (5, 55, '2025-07-03');
INSERT INTO Estoque (ProdutoID, EstoqueAtual, DataAtualizacao) VALUES (6, 127, '2025-07-03');
INSERT INTO Estoque (ProdutoID, EstoqueAtual, DataAtualizacao) VALUES (7, 98, '2025-07-03');
INSERT INTO Estoque (ProdutoID, EstoqueAtual, DataAtualizacao) VALUES (8, 97, '2025-07-03');
INSERT INTO Estoque (ProdutoID, EstoqueAtual, DataAtualizacao) VALUES (9, 274, '2025-07-03');
INSERT INTO Estoque (ProdutoID, EstoqueAtual, DataAtualizacao) VALUES (10, 229, '2025-07-03');
INSERT INTO Estoque (ProdutoID, EstoqueAtual, DataAtualizacao) VALUES (11, 71, '2025-07-03');
INSERT INTO Estoque (ProdutoID, EstoqueAtual, DataAtualizacao) VALUES (12, 216, '2025-07-03');
INSERT INTO Estoque (ProdutoID, EstoqueAtual, DataAtualizacao) VALUES (13, 93, '2025-07-03');
INSERT INTO Estoque (ProdutoID, EstoqueAtual, DataAtualizacao) VALUES (14, 142, '2025-07-03');
INSERT INTO Estoque (ProdutoID, EstoqueAtual, DataAtualizacao) VALUES (15, 236, '2025-07-03');
INSERT INTO Estoque (ProdutoID, EstoqueAtual, DataAtualizacao) VALUES (16, 127, '2025-07-03');
INSERT INTO Estoque (ProdutoID, EstoqueAtual, DataAtualizacao) VALUES (17, 38, '2025-07-03');
INSERT INTO Estoque (ProdutoID, EstoqueAtual, DataAtualizacao) VALUES (18, 226, '2025-07-03');
INSERT INTO Estoque (ProdutoID, EstoqueAtual, DataAtualizacao) VALUES (19, 281, '2025-07-03');
INSERT INTO Estoque (ProdutoID, EstoqueAtual, DataAtualizacao) VALUES (20, 50, '2025-07-03');
INSERT INTO Estoque (ProdutoID, EstoqueAtual, DataAtualizacao) VALUES (21, 25, '2025-07-03');
INSERT INTO Estoque (ProdutoID, EstoqueAtual, DataAtualizacao) VALUES (22, 276, '2025-07-03');
INSERT INTO Estoque (ProdutoID, EstoqueAtual, DataAtualizacao) VALUES (23, 7, '2025-07-03');
INSERT INTO Estoque (ProdutoID, EstoqueAtual, DataAtualizacao) VALUES (24, 47, '2025-07-03');
INSERT INTO Estoque (ProdutoID, EstoqueAtual, DataAtualizacao) VALUES (25, 121, '2025-07-03');
INSERT INTO Estoque (ProdutoID, EstoqueAtual, DataAtualizacao) VALUES (26, 85, '2025-07-03');
INSERT INTO Estoque (ProdutoID, EstoqueAtual, DataAtualizacao) VALUES (27, 208, '2025-07-03');
INSERT INTO Estoque (ProdutoID, EstoqueAtual, DataAtualizacao) VALUES (28, 248, '2025-07-03');
INSERT INTO Estoque (ProdutoID, EstoqueAtual, DataAtualizacao) VALUES (29, 246, '2025-07-03');
INSERT INTO Estoque (ProdutoID, EstoqueAtual, DataAtualizacao) VALUES (30, 109, '2025-07-03');
INSERT INTO Estoque (ProdutoID, EstoqueAtual, DataAtualizacao) VALUES (31, 205, '2025-07-03');
INSERT INTO Estoque (ProdutoID, EstoqueAtual, DataAtualizacao) VALUES (32, 30, '2025-07-03');
INSERT INTO Estoque (ProdutoID, EstoqueAtual, DataAtualizacao) VALUES (33, 84, '2025-07-03');
INSERT INTO Estoque (ProdutoID, EstoqueAtual, DataAtualizacao) VALUES (34, 194, '2025-07-03');
INSERT INTO Estoque (ProdutoID, EstoqueAtual, DataAtualizacao) VALUES (35, 1, '2025-07-03');
INSERT INTO Estoque (ProdutoID, EstoqueAtual, DataAtualizacao) VALUES (36, 199, '2025-07-03');
INSERT INTO Estoque (ProdutoID, EstoqueAtual, DataAtualizacao) VALUES (37, 135, '2025-07-03');
INSERT INTO Estoque (ProdutoID, EstoqueAtual, DataAtualizacao) VALUES (38, 232, '2025-07-03');
INSERT INTO Estoque (ProdutoID, EstoqueAtual, DataAtualizacao) VALUES (39, 146, '2025-07-03');
INSERT INTO Estoque (ProdutoID, EstoqueAtual, DataAtualizacao) VALUES (40, 216, '2025-07-03');
INSERT INTO Estoque (ProdutoID, EstoqueAtual, DataAtualizacao) VALUES (41, 284, '2025-07-03');
INSERT INTO Estoque (ProdutoID, EstoqueAtual, DataAtualizacao) VALUES (42, 249, '2025-07-03');
INSERT INTO Estoque (ProdutoID, EstoqueAtual, DataAtualizacao) VALUES (43, 79, '2025-07-03');
INSERT INTO Estoque (ProdutoID, EstoqueAtual, DataAtualizacao) VALUES (44, 97, '2025-07-03');
INSERT INTO Estoque (ProdutoID, EstoqueAtual, DataAtualizacao) VALUES (45, 151, '2025-07-03');
INSERT INTO Estoque (ProdutoID, EstoqueAtual, DataAtualizacao) VALUES (46, 111, '2025-07-03');
INSERT INTO Estoque (ProdutoID, EstoqueAtual, DataAtualizacao) VALUES (47, 29, '2025-07-03');
INSERT INTO Estoque (ProdutoID, EstoqueAtual, DataAtualizacao) VALUES (48, 296, '2025-07-03');
INSERT INTO Estoque (ProdutoID, EstoqueAtual, DataAtualizacao) VALUES (49, 277, '2025-07-03');
INSERT INTO Estoque (ProdutoID, EstoqueAtual, DataAtualizacao) VALUES (50, 31, '2025-07-03');
INSERT INTO Entradas (EntradaID, ProdutoID, Quantidade, DataEntrada, FornecedorID) VALUES (1, 48, 50, '2025-06-19', 1);
INSERT INTO Entradas (EntradaID, ProdutoID, Quantidade, DataEntrada, FornecedorID) VALUES (2, 38, 71, '2025-02-25', 9);
INSERT INTO Entradas (EntradaID, ProdutoID, Quantidade, DataEntrada, FornecedorID) VALUES (3, 11, 17, '2025-02-23', 2);
INSERT INTO Entradas (EntradaID, ProdutoID, Quantidade, DataEntrada, FornecedorID) VALUES (4, 12, 18, '2025-02-01', 2);
INSERT INTO Entradas (EntradaID, ProdutoID, Quantidade, DataEntrada, FornecedorID) VALUES (5, 44, 40, '2025-03-22', 2);
INSERT INTO Entradas (EntradaID, ProdutoID, Quantidade, DataEntrada, FornecedorID) VALUES (6, 37, 41, '2025-02-05', 10);
INSERT INTO Entradas (EntradaID, ProdutoID, Quantidade, DataEntrada, FornecedorID) VALUES (7, 3, 89, '2025-06-13', 7);
INSERT INTO Entradas (EntradaID, ProdutoID, Quantidade, DataEntrada, FornecedorID) VALUES (8, 43, 84, '2025-02-09', 9);
INSERT INTO Entradas (EntradaID, ProdutoID, Quantidade, DataEntrada, FornecedorID) VALUES (9, 21, 43, '2025-05-12', 6);
INSERT INTO Entradas (EntradaID, ProdutoID, Quantidade, DataEntrada, FornecedorID) VALUES (10, 16, 43, '2025-03-24', 3);
INSERT INTO Entradas (EntradaID, ProdutoID, Quantidade, DataEntrada, FornecedorID) VALUES (11, 43, 92, '2025-04-18', 8);
INSERT INTO Entradas (EntradaID, ProdutoID, Quantidade, DataEntrada, FornecedorID) VALUES (12, 21, 19, '2025-07-01', 8);
INSERT INTO Entradas (EntradaID, ProdutoID, Quantidade, DataEntrada, FornecedorID) VALUES (13, 40, 82, '2025-06-08', 2);
INSERT INTO Entradas (EntradaID, ProdutoID, Quantidade, DataEntrada, FornecedorID) VALUES (14, 35, 37, '2025-02-24', 5);
INSERT INTO Entradas (EntradaID, ProdutoID, Quantidade, DataEntrada, FornecedorID) VALUES (15, 9, 54, '2025-06-16', 4);
INSERT INTO Entradas (EntradaID, ProdutoID, Quantidade, DataEntrada, FornecedorID) VALUES (16, 24, 46, '2025-05-24', 8);
INSERT INTO Entradas (EntradaID, ProdutoID, Quantidade, DataEntrada, FornecedorID) VALUES (17, 35, 100, '2025-04-17', 10);
INSERT INTO Entradas (EntradaID, ProdutoID, Quantidade, DataEntrada, FornecedorID) VALUES (18, 42, 77, '2025-07-01', 9);
INSERT INTO Entradas (EntradaID, ProdutoID, Quantidade, DataEntrada, FornecedorID) VALUES (19, 20, 94, '2025-06-07', 3);
INSERT INTO Entradas (EntradaID, ProdutoID, Quantidade, DataEntrada, FornecedorID) VALUES (20, 17, 24, '2025-06-06', 9);
INSERT INTO Entradas (EntradaID, ProdutoID, Quantidade, DataEntrada, FornecedorID) VALUES (21, 10, 44, '2025-04-22', 10);
INSERT INTO Entradas (EntradaID, ProdutoID, Quantidade, DataEntrada, FornecedorID) VALUES (22, 14, 53, '2025-05-12', 5);
INSERT INTO Entradas (EntradaID, ProdutoID, Quantidade, DataEntrada, FornecedorID) VALUES (23, 33, 72, '2025-04-30', 1);
INSERT INTO Entradas (EntradaID, ProdutoID, Quantidade, DataEntrada, FornecedorID) VALUES (24, 6, 91, '2025-03-17', 5);
INSERT INTO Entradas (EntradaID, ProdutoID, Quantidade, DataEntrada, FornecedorID) VALUES (25, 3, 10, '2025-04-09', 3);
INSERT INTO Entradas (EntradaID, ProdutoID, Quantidade, DataEntrada, FornecedorID) VALUES (26, 41, 43, '2025-05-23', 8);
INSERT INTO Entradas (EntradaID, ProdutoID, Quantidade, DataEntrada, FornecedorID) VALUES (27, 36, 100, '2025-03-16', 9);
INSERT INTO Entradas (EntradaID, ProdutoID, Quantidade, DataEntrada, FornecedorID) VALUES (28, 1, 24, '2025-06-14', 3);
INSERT INTO Entradas (EntradaID, ProdutoID, Quantidade, DataEntrada, FornecedorID) VALUES (29, 35, 14, '2025-03-31', 10);
INSERT INTO Entradas (EntradaID, ProdutoID, Quantidade, DataEntrada, FornecedorID) VALUES (30, 36, 28, '2025-03-15', 3);
INSERT INTO Entradas (EntradaID, ProdutoID, Quantidade, DataEntrada, FornecedorID) VALUES (31, 3, 49, '2025-04-01', 1);
INSERT INTO Entradas (EntradaID, ProdutoID, Quantidade, DataEntrada, FornecedorID) VALUES (32, 23, 36, '2025-01-10', 4);
INSERT INTO Entradas (EntradaID, ProdutoID, Quantidade, DataEntrada, FornecedorID) VALUES (33, 43, 23, '2025-04-04', 9);
INSERT INTO Entradas (EntradaID, ProdutoID, Quantidade, DataEntrada, FornecedorID) VALUES (34, 27, 89, '2025-05-25', 4);
INSERT INTO Entradas (EntradaID, ProdutoID, Quantidade, DataEntrada, FornecedorID) VALUES (35, 11, 32, '2025-03-20', 1);
INSERT INTO Entradas (EntradaID, ProdutoID, Quantidade, DataEntrada, FornecedorID) VALUES (36, 12, 52, '2025-03-20', 4);
INSERT INTO Entradas (EntradaID, ProdutoID, Quantidade, DataEntrada, FornecedorID) VALUES (37, 18, 30, '2025-01-05', 2);
INSERT INTO Entradas (EntradaID, ProdutoID, Quantidade, DataEntrada, FornecedorID) VALUES (38, 25, 14, '2025-03-05', 4);
INSERT INTO Entradas (EntradaID, ProdutoID, Quantidade, DataEntrada, FornecedorID) VALUES (39, 13, 68, '2025-04-05', 5);
INSERT INTO Entradas (EntradaID, ProdutoID, Quantidade, DataEntrada, FornecedorID) VALUES (40, 15, 38, '2025-06-27', 4);
INSERT INTO Entradas (EntradaID, ProdutoID, Quantidade, DataEntrada, FornecedorID) VALUES (41, 26, 52, '2025-04-23', 2);
INSERT INTO Entradas (EntradaID, ProdutoID, Quantidade, DataEntrada, FornecedorID) VALUES (42, 50, 45, '2025-04-05', 9);
INSERT INTO Entradas (EntradaID, ProdutoID, Quantidade, DataEntrada, FornecedorID) VALUES (43, 26, 96, '2025-02-16', 6);
INSERT INTO Entradas (EntradaID, ProdutoID, Quantidade, DataEntrada, FornecedorID) VALUES (44, 2, 24, '2025-04-28', 3);
INSERT INTO Entradas (EntradaID, ProdutoID, Quantidade, DataEntrada, FornecedorID) VALUES (45, 38, 43, '2025-06-24', 2);
INSERT INTO Entradas (EntradaID, ProdutoID, Quantidade, DataEntrada, FornecedorID) VALUES (46, 39, 65, '2025-04-06', 6);
INSERT INTO Entradas (EntradaID, ProdutoID, Quantidade, DataEntrada, FornecedorID) VALUES (47, 28, 87, '2025-02-23', 2);
INSERT INTO Entradas (EntradaID, ProdutoID, Quantidade, DataEntrada, FornecedorID) VALUES (48, 25, 83, '2025-05-16', 5);
INSERT INTO Entradas (EntradaID, ProdutoID, Quantidade, DataEntrada, FornecedorID) VALUES (49, 3, 100, '2025-03-14', 1);
INSERT INTO Entradas (EntradaID, ProdutoID, Quantidade, DataEntrada, FornecedorID) VALUES (50, 34, 78, '2025-01-09', 4);
INSERT INTO Entradas (EntradaID, ProdutoID, Quantidade, DataEntrada, FornecedorID) VALUES (51, 24, 65, '2025-06-16', 6);
INSERT INTO Entradas (EntradaID, ProdutoID, Quantidade, DataEntrada, FornecedorID) VALUES (52, 40, 50, '2025-01-15', 2);
INSERT INTO Entradas (EntradaID, ProdutoID, Quantidade, DataEntrada, FornecedorID) VALUES (53, 47, 48, '2025-02-24', 5);
INSERT INTO Entradas (EntradaID, ProdutoID, Quantidade, DataEntrada, FornecedorID) VALUES (54, 43, 62, '2025-04-11', 7);
INSERT INTO Entradas (EntradaID, ProdutoID, Quantidade, DataEntrada, FornecedorID) VALUES (55, 45, 47, '2025-02-12', 3);
INSERT INTO Entradas (EntradaID, ProdutoID, Quantidade, DataEntrada, FornecedorID) VALUES (56, 13, 63, '2025-01-14', 7);
INSERT INTO Entradas (EntradaID, ProdutoID, Quantidade, DataEntrada, FornecedorID) VALUES (57, 44, 32, '2025-01-27', 10);
INSERT INTO Entradas (EntradaID, ProdutoID, Quantidade, DataEntrada, FornecedorID) VALUES (58, 20, 61, '2025-02-13', 1);
INSERT INTO Entradas (EntradaID, ProdutoID, Quantidade, DataEntrada, FornecedorID) VALUES (59, 20, 46, '2025-05-11', 7);
INSERT INTO Entradas (EntradaID, ProdutoID, Quantidade, DataEntrada, FornecedorID) VALUES (60, 38, 87, '2025-01-17', 6);
INSERT INTO Entradas (EntradaID, ProdutoID, Quantidade, DataEntrada, FornecedorID) VALUES (61, 30, 66, '2025-03-12', 4);
INSERT INTO Entradas (EntradaID, ProdutoID, Quantidade, DataEntrada, FornecedorID) VALUES (62, 33, 70, '2025-05-21', 2);
INSERT INTO Entradas (EntradaID, ProdutoID, Quantidade, DataEntrada, FornecedorID) VALUES (63, 19, 75, '2025-01-15', 10);
INSERT INTO Entradas (EntradaID, ProdutoID, Quantidade, DataEntrada, FornecedorID) VALUES (64, 22, 21, '2025-05-04', 5);
INSERT INTO Entradas (EntradaID, ProdutoID, Quantidade, DataEntrada, FornecedorID) VALUES (65, 15, 35, '2025-05-27', 1);
INSERT INTO Entradas (EntradaID, ProdutoID, Quantidade, DataEntrada, FornecedorID) VALUES (66, 3, 41, '2025-03-04', 10);
INSERT INTO Entradas (EntradaID, ProdutoID, Quantidade, DataEntrada, FornecedorID) VALUES (67, 50, 19, '2025-03-09', 7);
INSERT INTO Entradas (EntradaID, ProdutoID, Quantidade, DataEntrada, FornecedorID) VALUES (68, 41, 83, '2025-05-15', 7);
INSERT INTO Entradas (EntradaID, ProdutoID, Quantidade, DataEntrada, FornecedorID) VALUES (69, 32, 61, '2025-05-02', 3);
INSERT INTO Entradas (EntradaID, ProdutoID, Quantidade, DataEntrada, FornecedorID) VALUES (70, 42, 98, '2025-07-02', 2);
INSERT INTO Entradas (EntradaID, ProdutoID, Quantidade, DataEntrada, FornecedorID) VALUES (71, 50, 64, '2025-05-08', 3);
INSERT INTO Entradas (EntradaID, ProdutoID, Quantidade, DataEntrada, FornecedorID) VALUES (72, 45, 76, '2025-03-07', 1);
INSERT INTO Entradas (EntradaID, ProdutoID, Quantidade, DataEntrada, FornecedorID) VALUES (73, 36, 41, '2025-06-02', 8);
INSERT INTO Entradas (EntradaID, ProdutoID, Quantidade, DataEntrada, FornecedorID) VALUES (74, 9, 69, '2025-01-14', 9);
INSERT INTO Entradas (EntradaID, ProdutoID, Quantidade, DataEntrada, FornecedorID) VALUES (75, 36, 86, '2025-04-13', 8);
INSERT INTO Entradas (EntradaID, ProdutoID, Quantidade, DataEntrada, FornecedorID) VALUES (76, 40, 74, '2025-03-16', 9);
INSERT INTO Entradas (EntradaID, ProdutoID, Quantidade, DataEntrada, FornecedorID) VALUES (77, 29, 30, '2025-03-04', 8);
INSERT INTO Entradas (EntradaID, ProdutoID, Quantidade, DataEntrada, FornecedorID) VALUES (78, 17, 41, '2025-01-21', 5);
INSERT INTO Entradas (EntradaID, ProdutoID, Quantidade, DataEntrada, FornecedorID) VALUES (79, 50, 76, '2025-03-01', 4);
INSERT INTO Entradas (EntradaID, ProdutoID, Quantidade, DataEntrada, FornecedorID) VALUES (80, 18, 66, '2025-06-14', 5);
INSERT INTO Entradas (EntradaID, ProdutoID, Quantidade, DataEntrada, FornecedorID) VALUES (81, 16, 44, '2025-04-09', 6);
INSERT INTO Entradas (EntradaID, ProdutoID, Quantidade, DataEntrada, FornecedorID) VALUES (82, 35, 20, '2025-05-29', 3);
INSERT INTO Entradas (EntradaID, ProdutoID, Quantidade, DataEntrada, FornecedorID) VALUES (83, 15, 59, '2025-01-07', 3);
INSERT INTO Entradas (EntradaID, ProdutoID, Quantidade, DataEntrada, FornecedorID) VALUES (84, 46, 37, '2025-06-17', 7);
INSERT INTO Entradas (EntradaID, ProdutoID, Quantidade, DataEntrada, FornecedorID) VALUES (85, 27, 52, '2025-02-15', 8);
INSERT INTO Entradas (EntradaID, ProdutoID, Quantidade, DataEntrada, FornecedorID) VALUES (86, 27, 17, '2025-05-12', 7);
INSERT INTO Entradas (EntradaID, ProdutoID, Quantidade, DataEntrada, FornecedorID) VALUES (87, 25, 84, '2025-01-06', 1);
INSERT INTO Entradas (EntradaID, ProdutoID, Quantidade, DataEntrada, FornecedorID) VALUES (88, 49, 83, '2025-03-28', 8);
INSERT INTO Entradas (EntradaID, ProdutoID, Quantidade, DataEntrada, FornecedorID) VALUES (89, 1, 55, '2025-04-18', 7);
INSERT INTO Entradas (EntradaID, ProdutoID, Quantidade, DataEntrada, FornecedorID) VALUES (90, 27, 78, '2025-02-14', 10);
INSERT INTO Entradas (EntradaID, ProdutoID, Quantidade, DataEntrada, FornecedorID) VALUES (91, 15, 72, '2025-05-08', 5);
INSERT INTO Entradas (EntradaID, ProdutoID, Quantidade, DataEntrada, FornecedorID) VALUES (92, 28, 72, '2025-06-26', 7);
INSERT INTO Entradas (EntradaID, ProdutoID, Quantidade, DataEntrada, FornecedorID) VALUES (93, 22, 95, '2025-01-11', 7);
INSERT INTO Entradas (EntradaID, ProdutoID, Quantidade, DataEntrada, FornecedorID) VALUES (94, 47, 31, '2025-03-06', 3);
INSERT INTO Entradas (EntradaID, ProdutoID, Quantidade, DataEntrada, FornecedorID) VALUES (95, 40, 78, '2025-06-27', 7);
INSERT INTO Entradas (EntradaID, ProdutoID, Quantidade, DataEntrada, FornecedorID) VALUES (96, 38, 82, '2025-01-15', 1);
INSERT INTO Entradas (EntradaID, ProdutoID, Quantidade, DataEntrada, FornecedorID) VALUES (97, 6, 92, '2025-03-16', 3);
INSERT INTO Entradas (EntradaID, ProdutoID, Quantidade, DataEntrada, FornecedorID) VALUES (98, 30, 33, '2025-06-21', 5);
INSERT INTO Entradas (EntradaID, ProdutoID, Quantidade, DataEntrada, FornecedorID) VALUES (99, 25, 51, '2025-05-10', 8);
INSERT INTO Entradas (EntradaID, ProdutoID, Quantidade, DataEntrada, FornecedorID) VALUES (100, 21, 53, '2025-03-28', 5);
INSERT INTO Saidas (SaidaID, ProdutoID, Quantidade, DataSaida, Destino) VALUES (1, 49, 58, '2025-04-30', 'Farias');
INSERT INTO Saidas (SaidaID, ProdutoID, Quantidade, DataSaida, Destino) VALUES (2, 6, 65, '2025-06-29', 'Martins');
INSERT INTO Saidas (SaidaID, ProdutoID, Quantidade, DataSaida, Destino) VALUES (3, 48, 74, '2025-06-20', 'Fogaça');
INSERT INTO Saidas (SaidaID, ProdutoID, Quantidade, DataSaida, Destino) VALUES (4, 23, 33, '2025-01-18', 'Correia Cardoso S.A.');
INSERT INTO Saidas (SaidaID, ProdutoID, Quantidade, DataSaida, Destino) VALUES (5, 5, 10, '2025-06-26', 'Santos Viana S/A');
INSERT INTO Saidas (SaidaID, ProdutoID, Quantidade, DataSaida, Destino) VALUES (6, 16, 30, '2025-06-28', 'Monteiro S.A.');
INSERT INTO Saidas (SaidaID, ProdutoID, Quantidade, DataSaida, Destino) VALUES (7, 40, 24, '2025-05-03', 'da Mota');
INSERT INTO Saidas (SaidaID, ProdutoID, Quantidade, DataSaida, Destino) VALUES (8, 9, 65, '2025-01-13', 'Ramos Rezende - ME');
INSERT INTO Saidas (SaidaID, ProdutoID, Quantidade, DataSaida, Destino) VALUES (9, 8, 77, '2025-05-09', 'Sales');
INSERT INTO Saidas (SaidaID, ProdutoID, Quantidade, DataSaida, Destino) VALUES (10, 30, 37, '2025-03-31', 'Pinto e Filhos');
INSERT INTO Saidas (SaidaID, ProdutoID, Quantidade, DataSaida, Destino) VALUES (11, 11, 19, '2025-05-23', 'Fogaça');
INSERT INTO Saidas (SaidaID, ProdutoID, Quantidade, DataSaida, Destino) VALUES (12, 20, 18, '2025-02-05', 'da Paz');
INSERT INTO Saidas (SaidaID, ProdutoID, Quantidade, DataSaida, Destino) VALUES (13, 2, 44, '2025-02-06', 'Pinto Rodrigues Ltda.');
INSERT INTO Saidas (SaidaID, ProdutoID, Quantidade, DataSaida, Destino) VALUES (14, 44, 53, '2025-03-24', 'Rocha');
INSERT INTO Saidas (SaidaID, ProdutoID, Quantidade, DataSaida, Destino) VALUES (15, 46, 30, '2025-06-14', 'da Cunha Monteiro S.A.');
INSERT INTO Saidas (SaidaID, ProdutoID, Quantidade, DataSaida, Destino) VALUES (16, 38, 36, '2025-06-07', 'Farias da Cunha S/A');
INSERT INTO Saidas (SaidaID, ProdutoID, Quantidade, DataSaida, Destino) VALUES (17, 45, 43, '2025-01-09', 'Souza');
INSERT INTO Saidas (SaidaID, ProdutoID, Quantidade, DataSaida, Destino) VALUES (18, 39, 20, '2025-02-09', 'Nascimento');
INSERT INTO Saidas (SaidaID, ProdutoID, Quantidade, DataSaida, Destino) VALUES (19, 3, 49, '2025-02-17', 'Peixoto');
INSERT INTO Saidas (SaidaID, ProdutoID, Quantidade, DataSaida, Destino) VALUES (20, 28, 52, '2025-06-16', 'Mendes');
INSERT INTO Saidas (SaidaID, ProdutoID, Quantidade, DataSaida, Destino) VALUES (21, 33, 48, '2025-06-30', 'Dias');
INSERT INTO Saidas (SaidaID, ProdutoID, Quantidade, DataSaida, Destino) VALUES (22, 27, 67, '2025-06-06', 'da Rosa Nogueira Ltda.');
INSERT INTO Saidas (SaidaID, ProdutoID, Quantidade, DataSaida, Destino) VALUES (23, 28, 51, '2025-01-22', 'Melo');
INSERT INTO Saidas (SaidaID, ProdutoID, Quantidade, DataSaida, Destino) VALUES (24, 30, 24, '2025-03-14', 'Melo');
INSERT INTO Saidas (SaidaID, ProdutoID, Quantidade, DataSaida, Destino) VALUES (25, 12, 71, '2025-01-18', 'Monteiro');
INSERT INTO Saidas (SaidaID, ProdutoID, Quantidade, DataSaida, Destino) VALUES (26, 18, 73, '2025-03-02', 'Ramos');
INSERT INTO Saidas (SaidaID, ProdutoID, Quantidade, DataSaida, Destino) VALUES (27, 30, 60, '2025-02-02', 'Pires');
INSERT INTO Saidas (SaidaID, ProdutoID, Quantidade, DataSaida, Destino) VALUES (28, 18, 46, '2025-05-02', 'Campos S.A.');
INSERT INTO Saidas (SaidaID, ProdutoID, Quantidade, DataSaida, Destino) VALUES (29, 6, 40, '2025-03-10', 'Silveira da Mata S/A');
INSERT INTO Saidas (SaidaID, ProdutoID, Quantidade, DataSaida, Destino) VALUES (30, 16, 64, '2025-02-08', 'Cardoso');
INSERT INTO Saidas (SaidaID, ProdutoID, Quantidade, DataSaida, Destino) VALUES (31, 40, 53, '2025-04-08', 'da Rosa - ME');
INSERT INTO Saidas (SaidaID, ProdutoID, Quantidade, DataSaida, Destino) VALUES (32, 2, 68, '2025-04-11', 'Castro da Rocha e Filhos');
INSERT INTO Saidas (SaidaID, ProdutoID, Quantidade, DataSaida, Destino) VALUES (33, 12, 67, '2025-05-10', 'Costela');
INSERT INTO Saidas (SaidaID, ProdutoID, Quantidade, DataSaida, Destino) VALUES (34, 23, 38, '2025-04-07', 'Barbosa');
INSERT INTO Saidas (SaidaID, ProdutoID, Quantidade, DataSaida, Destino) VALUES (35, 18, 40, '2025-02-11', 'Silveira');
INSERT INTO Saidas (SaidaID, ProdutoID, Quantidade, DataSaida, Destino) VALUES (36, 1, 71, '2025-05-16', 'Jesus Moraes Ltda.');
INSERT INTO Saidas (SaidaID, ProdutoID, Quantidade, DataSaida, Destino) VALUES (37, 6, 35, '2025-03-21', 'Cardoso');
INSERT INTO Saidas (SaidaID, ProdutoID, Quantidade, DataSaida, Destino) VALUES (38, 32, 76, '2025-05-03', 'Rodrigues - ME');
INSERT INTO Saidas (SaidaID, ProdutoID, Quantidade, DataSaida, Destino) VALUES (39, 45, 65, '2025-01-19', 'Pires S/A');
INSERT INTO Saidas (SaidaID, ProdutoID, Quantidade, DataSaida, Destino) VALUES (40, 46, 67, '2025-03-11', 'da Paz');
INSERT INTO Saidas (SaidaID, ProdutoID, Quantidade, DataSaida, Destino) VALUES (41, 2, 16, '2025-04-19', 'Silveira');
INSERT INTO Saidas (SaidaID, ProdutoID, Quantidade, DataSaida, Destino) VALUES (42, 15, 56, '2025-01-07', 'Castro');
INSERT INTO Saidas (SaidaID, ProdutoID, Quantidade, DataSaida, Destino) VALUES (43, 16, 44, '2025-01-15', 'Rocha Gomes - EI');
INSERT INTO Saidas (SaidaID, ProdutoID, Quantidade, DataSaida, Destino) VALUES (44, 38, 52, '2025-03-04', 'Pires Mendes S.A.');
INSERT INTO Saidas (SaidaID, ProdutoID, Quantidade, DataSaida, Destino) VALUES (45, 36, 72, '2025-04-06', 'Ferreira');
INSERT INTO Saidas (SaidaID, ProdutoID, Quantidade, DataSaida, Destino) VALUES (46, 28, 75, '2025-04-10', 'da Rocha');
INSERT INTO Saidas (SaidaID, ProdutoID, Quantidade, DataSaida, Destino) VALUES (47, 23, 63, '2025-04-25', 'Duarte - ME');
INSERT INTO Saidas (SaidaID, ProdutoID, Quantidade, DataSaida, Destino) VALUES (48, 20, 37, '2025-05-05', 'da Mata');
INSERT INTO Saidas (SaidaID, ProdutoID, Quantidade, DataSaida, Destino) VALUES (49, 8, 29, '2025-04-14', 'Ferreira');
INSERT INTO Saidas (SaidaID, ProdutoID, Quantidade, DataSaida, Destino) VALUES (50, 8, 73, '2025-01-08', 'Viana');
INSERT INTO Saidas (SaidaID, ProdutoID, Quantidade, DataSaida, Destino) VALUES (51, 12, 29, '2025-05-09', 'Fogaça');
INSERT INTO Saidas (SaidaID, ProdutoID, Quantidade, DataSaida, Destino) VALUES (52, 48, 66, '2025-04-24', 'Nogueira');
INSERT INTO Saidas (SaidaID, ProdutoID, Quantidade, DataSaida, Destino) VALUES (53, 47, 80, '2025-02-19', 'Pinto Alves S.A.');
INSERT INTO Saidas (SaidaID, ProdutoID, Quantidade, DataSaida, Destino) VALUES (54, 39, 41, '2025-06-08', 'Duarte Ltda.');
INSERT INTO Saidas (SaidaID, ProdutoID, Quantidade, DataSaida, Destino) VALUES (55, 13, 42, '2025-05-06', 'Campos');
INSERT INTO Saidas (SaidaID, ProdutoID, Quantidade, DataSaida, Destino) VALUES (56, 24, 27, '2025-04-17', 'Novaes');
INSERT INTO Saidas (SaidaID, ProdutoID, Quantidade, DataSaida, Destino) VALUES (57, 1, 73, '2025-06-01', 'da Rocha');
INSERT INTO Saidas (SaidaID, ProdutoID, Quantidade, DataSaida, Destino) VALUES (58, 18, 10, '2025-06-20', 'da Rosa S.A.');
INSERT INTO Saidas (SaidaID, ProdutoID, Quantidade, DataSaida, Destino) VALUES (59, 36, 42, '2025-01-06', 'Carvalho');
INSERT INTO Saidas (SaidaID, ProdutoID, Quantidade, DataSaida, Destino) VALUES (60, 9, 67, '2025-06-07', 'da Conceição');
INSERT INTO Saidas (SaidaID, ProdutoID, Quantidade, DataSaida, Destino) VALUES (61, 1, 78, '2025-04-22', 'Rezende');
INSERT INTO Saidas (SaidaID, ProdutoID, Quantidade, DataSaida, Destino) VALUES (62, 31, 66, '2025-03-13', 'Costela');
INSERT INTO Saidas (SaidaID, ProdutoID, Quantidade, DataSaida, Destino) VALUES (63, 22, 28, '2025-06-20', 'da Mota');
INSERT INTO Saidas (SaidaID, ProdutoID, Quantidade, DataSaida, Destino) VALUES (64, 17, 66, '2025-06-04', 'da Mata');
INSERT INTO Saidas (SaidaID, ProdutoID, Quantidade, DataSaida, Destino) VALUES (65, 5, 56, '2025-02-28', 'Pinto');
INSERT INTO Saidas (SaidaID, ProdutoID, Quantidade, DataSaida, Destino) VALUES (66, 5, 78, '2025-01-23', 'Teixeira - EI');
INSERT INTO Saidas (SaidaID, ProdutoID, Quantidade, DataSaida, Destino) VALUES (67, 44, 11, '2025-05-26', 'Rocha');
INSERT INTO Saidas (SaidaID, ProdutoID, Quantidade, DataSaida, Destino) VALUES (68, 10, 77, '2025-04-17', 'Nascimento');
INSERT INTO Saidas (SaidaID, ProdutoID, Quantidade, DataSaida, Destino) VALUES (69, 6, 36, '2025-06-03', 'Cunha S.A.');
INSERT INTO Saidas (SaidaID, ProdutoID, Quantidade, DataSaida, Destino) VALUES (70, 36, 58, '2025-01-29', 'Gomes');
INSERT INTO Saidas (SaidaID, ProdutoID, Quantidade, DataSaida, Destino) VALUES (71, 39, 33, '2025-02-20', 'da Conceição');
INSERT INTO Saidas (SaidaID, ProdutoID, Quantidade, DataSaida, Destino) VALUES (72, 25, 62, '2025-03-12', 'da Rosa');
INSERT INTO Saidas (SaidaID, ProdutoID, Quantidade, DataSaida, Destino) VALUES (73, 20, 80, '2025-03-16', 'Nogueira');
INSERT INTO Saidas (SaidaID, ProdutoID, Quantidade, DataSaida, Destino) VALUES (74, 20, 77, '2025-01-26', 'Pereira');
INSERT INTO Saidas (SaidaID, ProdutoID, Quantidade, DataSaida, Destino) VALUES (75, 4, 17, '2025-05-11', 'Fogaça');
INSERT INTO Saidas (SaidaID, ProdutoID, Quantidade, DataSaida, Destino) VALUES (76, 41, 32, '2025-04-27', 'Rezende S/A');
INSERT INTO Saidas (SaidaID, ProdutoID, Quantidade, DataSaida, Destino) VALUES (77, 43, 15, '2025-05-24', 'Ribeiro Rocha S/A');
INSERT INTO Saidas (SaidaID, ProdutoID, Quantidade, DataSaida, Destino) VALUES (78, 16, 27, '2025-02-12', 'da Cruz Campos S.A.');
INSERT INTO Saidas (SaidaID, ProdutoID, Quantidade, DataSaida, Destino) VALUES (79, 5, 25, '2025-07-03', 'Novaes');
INSERT INTO Saidas (SaidaID, ProdutoID, Quantidade, DataSaida, Destino) VALUES (80, 27, 62, '2025-01-08', 'Duarte Melo Ltda.');
INSERT INTO Saidas (SaidaID, ProdutoID, Quantidade, DataSaida, Destino) VALUES (81, 39, 65, '2025-04-20', 'Santos Nogueira Ltda.');
INSERT INTO Saidas (SaidaID, ProdutoID, Quantidade, DataSaida, Destino) VALUES (82, 3, 34, '2025-04-21', 'Silva e Filhos');
INSERT INTO Saidas (SaidaID, ProdutoID, Quantidade, DataSaida, Destino) VALUES (83, 46, 41, '2025-01-05', 'Farias S.A.');
INSERT INTO Saidas (SaidaID, ProdutoID, Quantidade, DataSaida, Destino) VALUES (84, 30, 14, '2025-01-09', 'da Cruz');
INSERT INTO Saidas (SaidaID, ProdutoID, Quantidade, DataSaida, Destino) VALUES (85, 15, 38, '2025-01-24', 'Nascimento');
INSERT INTO Saidas (SaidaID, ProdutoID, Quantidade, DataSaida, Destino) VALUES (86, 38, 30, '2025-03-17', 'Ferreira Moura - ME');
INSERT INTO Saidas (SaidaID, ProdutoID, Quantidade, DataSaida, Destino) VALUES (87, 8, 74, '2025-05-07', 'Nunes');
INSERT INTO Saidas (SaidaID, ProdutoID, Quantidade, DataSaida, Destino) VALUES (88, 42, 24, '2025-04-26', 'Freitas');
INSERT INTO Saidas (SaidaID, ProdutoID, Quantidade, DataSaida, Destino) VALUES (89, 10, 14, '2025-06-18', 'Santos');
INSERT INTO Saidas (SaidaID, ProdutoID, Quantidade, DataSaida, Destino) VALUES (90, 11, 44, '2025-02-01', 'Costela');
INSERT INTO Saidas (SaidaID, ProdutoID, Quantidade, DataSaida, Destino) VALUES (91, 48, 77, '2025-04-21', 'Pires Martins - ME');
INSERT INTO Saidas (SaidaID, ProdutoID, Quantidade, DataSaida, Destino) VALUES (92, 29, 20, '2025-03-06', 'Porto Cardoso e Filhos');
INSERT INTO Saidas (SaidaID, ProdutoID, Quantidade, DataSaida, Destino) VALUES (93, 45, 43, '2025-01-05', 'da Costa da Cruz - EI');
INSERT INTO Saidas (SaidaID, ProdutoID, Quantidade, DataSaida, Destino) VALUES (94, 26, 39, '2025-02-25', 'da Paz Ltda.');
INSERT INTO Saidas (SaidaID, ProdutoID, Quantidade, DataSaida, Destino) VALUES (95, 35, 68, '2025-03-13', 'Melo');
INSERT INTO Saidas (SaidaID, ProdutoID, Quantidade, DataSaida, Destino) VALUES (96, 6, 10, '2025-03-15', 'Dias');
INSERT INTO Saidas (SaidaID, ProdutoID, Quantidade, DataSaida, Destino) VALUES (97, 48, 46, '2025-01-30', 'Novaes');
INSERT INTO Saidas (SaidaID, ProdutoID, Quantidade, DataSaida, Destino) VALUES (98, 17, 8, '2025-06-10', 'Castro');
INSERT INTO Saidas (SaidaID, ProdutoID, Quantidade, DataSaida, Destino) VALUES (99, 15, 78, '2025-02-03', 'Nogueira');
INSERT INTO Saidas (SaidaID, ProdutoID, Quantidade, DataSaida, Destino) VALUES (100, 2, 39, '2025-02-06', 'da Costa S/A');